{
  "train": {
    "accuracy": 0.776519052523172,
    "precision": 0.8852772466539197,
    "recall": 0.7467741935483871,
    "f1": 0.810148731408574,
    "tp": 463,
    "tn": 291,
    "fp": 60,
    "fn": 157
  },
  "test": {
    "accuracy": 0.7418032786885246,
    "precision": 0.8916666666666667,
    "recall": 0.6815286624203821,
    "f1": 0.7725631768953067,
    "tp": 107,
    "tn": 74,
    "fp": 13,
    "fn": 50
  }
}